Spanish,English
que,that
de,of
no,No
a,to
la,the
el,he
es,is
y,and
en,in
lo,it
un,a
por,by
qué,that
me,me
una,a
te,tea
los,the
se,HE
con,with
para,for
mi,my
está,this
si,Yeah
bien,good
pero,but
yo,I
eso,that
las,the
sí,Yeah
su,his
tu,you
aquí,here
del,of the
al,to the
como,as
le,you
más,further
esto,this
ya,already
todo,all
esta,this
vamos,come on
muy,very
hay,there is
ahora,now
algo,something
estoy,I'm
tengo,I have
nos,us
tú,you
nada,nothing
cuando,when
ha,ha
este,this
sé,HE
estás,are
así,So
puedo,I can
cómo,as
quiero,wanna
sólo,only
soy,am
tiene,has
gracias,thank you
o,either
él,he
bueno,Well
fue,was
ser,be
hacer,do
son,are
todos,all
era,was
eres,are
vez,time
tienes,have
creo,believe
ella,she
he,I have
ese,that
voy,go
puede,can
sabes,You know
hola,hello
sus,their
porque,because
dios,God
quién,who
nunca,never
dónde,where
quieres,want
casa,home
favor,favor
esa,that
dos,two
tan,so
señor,Sir
tiempo,time
verdad,TRUE
estaba,was
mejor,better
están,are
va,goes
hombre,man
usted,you
mucho,a lot
hace,does
entonces,so
siento,I feel
tenemos,have
puedes,can
ahí,there
ti,you
vida,life
ver,see
alguien,someone
sr,Mr
hasta,until
sin,without
mí,my
solo,only
años,years
sobre,about
decir,say
uno,one
siempre,always
oh,oh
ir,go
cosas,things
también,also
antes,before
has,you have
ni,neither
mis,my
día,day
estar,be
estamos,we are
noche,evening
nadie,nobody
otra,other
quiere,wants
parece,seems
nosotros,us
poco,bit
padre,father
trabajo,job
gente,people
mira,look
vas,you go
sea,sea
les,them
donde,where
mismo,same
hecho,made
ellos,they
dijo,said
pasa,happens
dinero,money
hijo,son
tal,such
otro,other
hablar,talk
seguro,sure
claro,clear
estas,are
lugar,place
mundo,world
amigo,friend
espera,wait
mierda,shit
han,they have
tus,your
sabe,knows
después,after
momento,moment
desde,from
fuera,out
cosa,stuff
tipo,guy
mañana,tomorrow
podemos,can
dije,said
gran,great
necesito,need
estado,state
podría,could
acuerdo,agreement
papá,dad
tener,have
dice,says
mío,mine
crees,you believe
buena,good
gusta,like
nuestro,our
nuevo,new
será,will be
haciendo,doing
días,days
nombre,name
buen,good
había,there was
ven,come
tres,three
menos,less
debe,has to
tenía,had
mal,evil
conmigo,with me
madre,mother
hoy,today
quien,who
sido,been
mamá,mother
tienen,have
luego,then
todas,all
allí,over there
toda,all
hora,hour
mujer,women
visto,seen
haces,you do
importa,it matters
contigo,with you
ve,go
tarde,late
oye,hey
parte,part
haber,have
hombres,men
problema,problem
mas,further
saber,know
quería,wanted to
aún,still
veces,times
nuestra,our
hacerlo,do it
cada,each
hizo,did
veo,I see
tanto,so much
razón,reason
ustedes,you
idea,idea
esos,those
van,they go
quizá,maybe
debo,I must
alguna,some
cierto,TRUE
ud,You
muerto,dead
unos,some
estos,these
salir,go out
policía,police
realmente,really
demasiado,too much
familia,family
pueden,they can
cabeza,head
hemos,we have
amigos,friends
chica,girl
cariño,dear
lado,side
allá,there
entre,between
minutos,minutes
digo,say
algún,some
serio,Serious
cuidado,careful
pasó,passed
buenas,hello good
somos,are
amor,love
puerta,door
ves,you see
vaya,Oh
ah,ah
suerte,luck
eh,Hey
rápido,fast
cuenta,account
quizás,maybe
esas,those
pues,well
pasado,past
pensé,I thought
todavía,still
hermano,brother
debes,you must
casi,almost
forma,shape
aqui,here
chico,boy
ok,ok
dicho,saying
nueva,new
sabía,knew
muchas,many
dentro,inside
hice,I did
contra,against
auto,car
camino,path
ayuda,aid
primera,first
hacia,toward
vi,I saw
miedo,fear
adiós,bye
primero,first
debería,ought
poder,can
niños,children
sería,I would be
historia,history
hey,hey
mientras,while
ciudad,city
dijiste,you said
espero,wait
cuánto,how much
esposa,wife
pronto,soon
chicos,guys
cualquier,any
viejo,old
debemos,must
deja,leaves
año,year
muerte,death
hablando,talking
manos,hands
da,gives
loco,crazy
problemas,issues
mano,hand
guerra,war
semana,week
pasar,pass
vale,Okay
cuál,which
viene,comes
volver,return
toma,take
caso,case
agua,water
haré,I will do
vete,go away
entiendo,I understand
horas,hours
personas,people
capitán,captain
adelante,forward
niño,child
listo,ready
noches,nights
buenos,good
iba,was going
juntos,together
dame,give me
único,only
déjame,let me
cerca,near
otros,others
sigue,go on
grande,big
arriba,above
jefe,boss
habla,speaks
supongo,i guess
manera,manner
quieren,they want
feliz,happy
significa,means
sangre,blood
fin,end
bajo,low
llama,calls
venir,come
morir,die
importante,important
hiciste,you did
ojos,eyes
escucha,listen
entrar,enter
ningún,none
corazón,heart
diablos,devils
necesitamos,need
atrás,back
durante,during
dices,you say
nuestros,our
persona,person
abajo,below
dr,dr
hija,daughter
dejar,leave
necesita,needs
llegar,arrive
hago,do
señora,lady
haya,is
suficiente,enough
doctor,doctor
gustaría,I would like
tierra,land
cara,face
siquiera,not even
genial,brilliant
cree,believes
supuesto,supposed
tomar,take
equipo,equipment
justo,fair
juego,game
ninguna,none
matar,kill
cinco,five
dicen,they say
amo,I love
cuándo,when
pequeño,little
algunos,some
conozco,know
clase,class
maldito,damned
unas,nails
muchos,many
hubiera,had
segundo,second
aunque,although
pueda,can
dime,tell me
igual,equal
comida,meal
ay,Oh
cuerpo,body
encontrar,find
fuerte,strong
vuelta,lap
venga,come
creer,believe
realidad,reality
saben,they know
puta,bitch
deberías,you should
pregunta,ask
fui,I went
cuatro,four
sra,mrs
primer,first
trabajar,work
e,and
hagas,you do
alto,high
maldita,damned
comer,eat
número,number
dar,give
necesitas,you need
oportunidad,chance
punto,spot
misma,same
última,last
afuera,outside
mujeres,women
pensar,think
fueron,were
difícil,difficult
vivir,live
paso,passed
malo,bad
estabas,you were
vivo,alive
haga,do
queda,is left over
hijos,children
mayor,elderly
fiesta,party
hacen,do
medio,half
algunas,some
basta,Enough
arma,weapon
vino,came
meses,months
cuarto,room
éste,this
escuela,school
esté,this
dólares,dollars
tío,uncle
posible,possible
tuve,I had
fácil,easy
preocupes,don't worry
luz,light
eran,were
carajo,damn
final,end
lista,list
trata,treats
armas,arms
hermana,sister
exactamente,exactly
chicas,girls
podía,could
bastante,quite
seguridad,security
pasando,passing
esperando,expecting
acá,here
teléfono,phone
perro,dog
fuego,fire
murió,died
tampoco,neither
sola,alone
estuvo,was
verte,see you
iré,I will go
tenido,had
culpa,blame
veras,you see
adónde,where to
buscando,searching
cuanto,how much
padres,parents
paz,peace
demonios,demons
estará,will be
cual,which
perdón,sorry
asi,So
jugar,play
pensando,thinking
esperar,wait
sabemos,we know
recuerdo,memory
par,pair
joven,young
seguir,continue
pueblo,town
tenga,have
caballeros,gentlemen
idiota,idiot
dio,gave
minuto,minute
bebé,baby
única,unique
lejos,far
nuestras,ours
plan,plan
pienso,I think
sentido,sense
dormir,sleep
digas,you say
palabra,word
correcto,correct
control,control
vemos,we see
entiendes,you understand
país,country
seis,six
último,last
ésta,this
diga,say
podrías,you could
pequeña,small
cállate,be quiet
trato,deal
rey,king
sucede,it happens
muchachos,boys
jamás,never
cama,bed
srta,Ms
ayudar,help
acerca,about
di,I said
cambio,change
falta,lack
hospital,hospital
lleva,carry
presidente,president
mil,thousand
gusto,taste
conoces,you know
diciendo,saying
os,you
ido,gone
general,general
extraño,strange
semanas,weeks
coche,car
peor,worse
mucha,a lot
disculpe,excuse me
diré,I will say
anoche,last night
perder,lose
vámonos,let's go
nave,nave
cielo,darling
habrá,there will be
orden,order
segura,safe
querida,Dear
niña,little girl
increíble,incredible
además,besides
deben,must
libro,book
calle,street
café,coffee
piensas,you think
hacemos,we do
especial,special
queremos,we want
irme,leave
perfecto,perfect
buscar,look for
odio,hate
piensa,think
oficina,office
hablas,speak
libre,free
agente,agent
york,York
llamar,call
mala,bad
detrás,behind
viste,you saw
dile,tell him
grandes,big
recuerdas,do you remember
real,real
estaban,were
mía,mine
frente,forehead
perdido,lost
llamo,called
muertos,dead
millones,millions
asesino,killer
sueño,dream
quisiera,I'd like
habría,there would be
hará,will do
viaje,journey
probablemente,probably
resto,rest
estaré,I will be
maldición,curse
lamento,lament
muchacho,young guy
avión,plane
ropa,clothes
fuerza,force
llamado,called
oído,ear
dado,given
encima,on
negro,black
usar,wear
información,information
uds,You
preguntas,questions
tuvo,had
secreto,secret
vuelve,comes back
miren,look
quieras,you want
haría,would do
acaba,ends
otras,others
incluso,even
sientes,you feel
deberíamos,we should
haz,beam
decirte,tell you
boca,mouth
dolor,pain
baño,bathroom
adentro,inside
profesor,teacher
habitación,room
daño,damage
tuyo,yours
seas,you are
noticias,news
demás,others
querido,darling
duro,hard
poner,put
prueba,proof
mire,Look
tonto,silly
campo,field
siendo,being
diez,ten
ése,that
tranquilo,don't worry
asunto,affair
acabó,just
quédate,stay
derecho,right
placer,pleasure
recuerda,remember
estuve,I have been
tratando,treating
ejército,army
futuro,future
llevar,carry
compañía,company
venido,come
listos,ready
haremos,we will do
sitio,place
verlo,see it
puesto,position
atención,attention
sino,but
cambiar,change
error,mistake
blanco,white
raro,queer
palabras,words
llegó,arrive
sal,salt
pase,happens
mente,mind
sistema,system
película,movie
anda,go
ello,it
negocio,business
novia,bride
permiso,permission
creí,I believed
suena,sounds
ocurre,occurs
oficial,official
espere,wait
aire,air
mató,killed
regresar,go back
vio,saw
hazlo,do it
trasero,rear
grupo,cluster
entendido,understood
señorita,Miss
música,music
perra,bitch
conoce,knows
empezar,begin
siente,feels
acabo,just
estúpido,idiot
diferente,different
traje,suit
modo,mode
encontré,I found
mensaje,message
llamada,call
navidad,Christmas
eras,you were
pena,grief
largo,long
entra,enter
piso,floor
foto,photo
dijeron,they said
médico,doctor
accidente,accident
fuiste,you were
imposible,impossible
podríamos,we could
línea,line
propia,own
barco,ship
ganar,gain
normal,normal
segundos,seconds
vive,lives
mitad,half
quiera,want
tras,after
decirle,tell him
lindo,nice
funciona,works
programa,program
vine,I came
abre,opens
sean,be
pagar,pay
fotos,photos
centro,center
supone,supposes
basura,trash
situación,situation
mejores,best
vienen,they come
encanta,loves
marido,husband
personal,staff
maestro,teacher
hambre,hunger
ataque,stroke
culo,ass
dale,give it to me
pie,foot
conseguir,get
trabajando,working
gracioso,funny
dejó,let
pudo,could
derecha,right
izquierda,left
próxima,next
pobre,poor
respuesta,answer
tipos,guys
sentir,feel
tenías,you had
pude,could
darle,give it
voz,voice
amiga,friend
gustan,like
vista,view
salvo,except
loca,crazy
hotel,hotel
hicieron,they did
ten,have
temo,I fear
señal,sign
pelo,hair
llevo,he took
ayer,yesterday
das,you give
nena,chick
servicio,service
tren,train
bonito,pretty
mes,month
tendrá,will have
tendrás,you will have
edad,age
ellas,they
hermosa,beautiful
honor,honor
simplemente,simply
llamas,flames
tengas,you have
corre,runs
baja,low
sol,sun
siéntate,sit down
dan,give
humano,human
divertido,fun
sexo,sex
vuelto,turned
peligro,danger
mesa,table
siguiente,following
hablo,speak
disculpa,sorry
decirme,tell me
caja,box
negocios,business
misión,mission
silencio,silence
sale,sale
llegado,arrived
estaría,would be
regreso,return
media,average
estan,are
propio,own
oro,gold
enseguida,immediately
linda,beautiful
prometo,I promise
esposo,husband
norte,north
hubo,was
juro,I swear
muerta,dead
interesante,interesting
pensaba,thought
busca,seeks
terminar,finish
tendré,I will have
completamente,completely
cita,appointment
siete,seven
cumpleaños,birthday
abogado,lawyer
alrededor,around
cerebro,brain
porqué,because
llave,key
santo,holy
hermoso,beautiful
necesario,necessary
edificio,building
irnos,let's go
aun,still
tendremos,we will have
vayas,you go
doy,give
trae,brings
salió,came out
ley,law
ahi,there
verdadero,TRUE
pelea,fight
banco,bank
terrible,terrible
calma,calm
cena,dinner
daré,I will give
gobierno,government
comprar,buy
creen,believe
sargento,sergeant
destino,destination
existe,exists
hacía,toward
novio,boyfriend
sala,hall
través,through
regalo,gift
iglesia,church
decía,he said
cualquiera,any
excelente,excellent
esperen,wait
deseo,desire
alma,soul
diablo,devil
deje,leave
cuántos,how many
espada,sword
estábamos,we were
carne,meat
maravilloso,marvelous
vidas,lives
sucedió,happened
oí,I heard
peligroso,dangerous
dirección,address
libertad,freedom
jesús,Jesus
ocurrió,occurred
veré,I'll see
sueños,dreams
pudiera,could
detective,detective
sorpresa,surprise
tuya,yours
pies,feet
club,club
terminado,finished
infierno,hell
creía,I believed
luna,moon
salvar,save
carta,letter
estés,you are
cielos,Heavens
teniente,lieutenant
encuentra,finds
veamos,let's see
quise,I wanted
escúchame,listen to me
necesitan,need
ambos,both
decisión,decision
enemigo,enemy
hicimos,we did
dulce,sweet
pruebas,evidence
querías,you wanted
abuelo,grandfather
totalmente,completely
mirando,looking
vayan,go
carrera,career
vuelo,flight
ante,in view of
bienvenido,welcome
harás,you will do
encontramos,we found
encontrado,found
contacto,contact
posición,position
saberlo,know it
planeta,planet
humanos,humans
coronel,colonel
junto,together
diría,I would say
ésa,that
base,base
oír,hear
suelo,floor
pelear,fight
ayudarte,help you
pistola,gun
frío,cold
comandante,commander
partes,parts
llega,arrives
verás,you will see
sur,south
iremos,we will go
rato,a while
mar,sea
espacio,space
asesinato,murder
ventana,window
prisa,hurry
tienda,store
cámara,camera
puedas,you can
según,according to
broma,joke
reunión,meeting
despierta,wake up
sacar,take out
tí,you
segunda,second
papel,paper
locura,craziness
departamento,department
horrible,awful
enfermo,sick
pregunto,asked
cárcel,jail
órdenes,orders
intento,tried
isla,island
salida,exit
llamó,called
volveré,I will return
usa,uses
gato,cat
hagan,do
dejes,leave
duele,hurts
vengan,come
crimen,crime
esperaba,I expected
causa,cause
bar,bar
seré,I will be
ocho,eight
temprano,early
río,river
relación,relationship
drogas,drugs
luces,lights
bromeando,joking
ojalá,I wish
hablamos,talk later
trabaja,works
irse,go
libros,books
radio,radio
vienes,you come
quedan,remain
excepto,except
brazo,arm
tome,take
rojo,red
conocido,acquaintance
universidad,university
investigación,investigation
batalla,battle
reglas,rules
cargo,post
hogar,home
ninguno,none
dieron,gave
vuelva,come back
sabías,did you know
respeto,I respect
estación,season
corte,court
paciente,patient
encuentro,meeting
energía,energy
dejado,left
baile,dance
abuela,grandmother
caliente,hot
vieja,old
viendo,seeing
veremos,we will see
rayos,good heavens
simple,simple
bailar,dance
papa,dad
triste,sad
zona,area
serás,you will be
guardia,guard
canción,song
salud,health
escuchar,hear
parar,stall
estarás,you will be
cenar,have dinner
soldados,soldiers
caballo,horse
serán,will be
estaremos,we will be
interesa,interested
volar,fly
principio,principle
nivel,level
cálmate,calm down
conocer,know
finalmente,finally
alegro,I'm glad
debajo,below
podrían,could
bosque,forest
bonita,pretty
bolsa,bag
pone,puts
taxi,Taxi
ocupado,busy
amable,gentle
acaso,perhaps
detente,stop
imbécil,moron
san,saint
equivocado,mistaken
viva,Viva
puso,put
obra,construction site
consejo,advice
público,public
ayúdame,help me
animales,animals
azul,blue
apuesto,I bet
prisión,prison
mirar,look
inteligente,intelligent
metros,meters
fantástico,fantastic
próximo,next
jugando,playing
ojo,eye
salga,get out
vea,see
llaman,they call
entrada,entrance
duda,doubt
cerveza,beer
unidos,joined
matado,killed
princesa,princess
perdí,I lost
entender,understand
santa,saint
quedar,meet
miles,thousands
llamaré,I will call
compañero,buddy
pensado,thought
espalda,back
dejé,I left
bomba,bomb
cartas,cards
apenas,barely
leer,read
hermanos,siblings
darme,give me
papi,daddy
mantener,keep
suyo,his
rico,rich
verla,see her
lee,read
sigues,you follow
toca,touch
olvídalo,forget it
acción,action
hayas,beeches
dioses,gods
mando,command
dejaré,I will leave
llegue,I arrived
formas,forms
uh,uh
cierra,closes
damas,ladies
puente,bridge
memoria,memory
regresa,returns
muévanse,move
parecía,it seemed
vestido,dress
llaves,keys
tv,TV
camión,truck
acabar,end
robot,robot
llevó,he took
montón,lot
estuviste,you were
máquina,machine
puertas,doors
podamos,we can
muere,dies
trago,drink
mayoría,most
reina,queen
lleno,full
inglés,English
don,gift
soldado,soldier
estrella,star
escuche,listen
valor,worth
pido,I ask
delante,in front of
código,code
héroe,hero
fe,faith
capaz,able
verme,see me
beber,drink
velocidad,speed
darte,give you
llevas,you carry
partido,game
estuviera,were
dia,day
opinión,opinion
irte,leave
cocina,kitchen
abrir,open
perros,dogs
tambien,also
sepa,know
pareces,you look like
escribir,write
golpe,bang
tenia,had
alta,high
estados,states
tocar,tap
vuelvo,I'm back
habían,had
ganas,desire
hacerte,make you
dejo,let
volvió,returned
ejemplo,example
contar,count
tenían,they had
propósito,purpose
entiende,understands
empieza,begin
anillo,ring
londres,London
tendría,would have
pedir,ask
estilo,style
ayudarme,help me
pista,clue
cambiado,changed
escapar,escape
eeuu,USA
encontró,found
espíritu,spirit
viejos,old people
molesta,bothers
nota,note
diferencia,difference
tratar,treat
precio,price
caballero,gentleman
sirve,serves
alegra,cheers
doble,double
agradable,pleasant
embargo,embargo
tengan,have
tuvimos,we had
sube,go up
estén,are
mami,Mommy
emergencia,emergency
cuello,neck
boda,wedding
aprender,learn
té,tea
informe,report
blanca,white
experiencia,experience
debía,I had to
podido,been able to
mentira,lie
director,director
mata,kills
exacto,exact
déjalo,leave it
defensa,defense
tuviste,you had
confiar,rely
color,color
hacerle,to make him
aquel,that
conocí,I met
probar,prove
príncipe,prince
irá,gonna
despacio,slowly
tiro,shot
vacaciones,vacation
perdió,lost
fondo,background
verde,green
parecen,they seem
mama,mother
bienvenida,welcome
opción,option
operación,operation
hablado,spoken
traer,bring
principal,major
demonio,devil
zapatos,shoes
leo,I read
respecto,regard
nuevos,new
especie,species
pidió,asked
éxito,success
cabrón,bastard
mírame,look at me
piernas,legs
unidad,unit
hielo,ice
llegamos,we arrived
déjeme,leave me
debí,I should have
vendrá,will come
matrimonio,marriage
habías,you had
podrá,will be able to
piel,fur
preocupa,worries
quedarme,stay
mio,mine
tuviera,had
tiempos,time
quienes,who
oiga,Listen
últimos,last
oigan,Hey
fuimos,went
arte,art
necesitaba,needed
quiénes,who
común,common
intentando,trying
llevaré,I will take
levántate,Get up
correr,run
brillante,bright
calor,heat
planes,plans
dra,Dra
visita,visit
presión,pressure
pared,wall
esperanza,hope
completo,complete
subir,increase
cansado,tired
llame,call
recordar,remember
trampa,trap
monstruo,monster
bajar,lower
pierna,leg
señores,sirs
tomó,took
pasará,will pass
mataste,you killed
grandioso,magnificent
socio,partner
herido,wounded
cayó,fell
fuerzas,forces
cine,cinema
escena,scene
tía,aunt
dando,giving
puntos,points
teníamos,we had
dejaste,you left
muévete,move
larga,long
solía,used to
tema,issue
preparado,prepared
depende,depends
policías,police officers
solos,alone
matarme,kill me
pon,put
hubiese,would have
bebe,baby
tanta,so much
oeste,west
parís,Paris
viento,wind
jóvenes,youths
hacerme,make me
asiento,seat
estupendo,great
caminar,walk
juicio,judgment
creerlo,believe it
carga,burden
tranquila,peaceful
banda,band
estarán,will be
animal,animal
escuchen,listen
encontraron,they found
dejas,you leave
tarjeta,card
ibas,you were going
podrás,you will be able to
nueve,nine
seguramente,surely
volverá,will return
majestad,majesty
llena,full
caer,fall
aeropuerto,airport
vayamos,let's go
acabado,finish
sigo,I continue
enorme,enormous
área,area
muevas,move
haberlo,to have it
dejen,leave
ridículo,ridiculous
reloj,clock
hagamos,let's do
flores,flowers
mapa,map
culpable,guilty
cuentas,accounts
pareja,couple
tomando,taking
laboratorio,laboratory
beso,kiss
empezó,began
pedí,I asked
nariz,nose
cuestión,question
terminó,term
vengo,come
perdona,sorry
acuerdas,do you remember
verano,summer
prefiero,prefer
peso,weight
oscuridad,darkness
diferentes,different
cliente,customer
cuántas,how many
televisión,television
suya,his
prensa,press
vistazo,glance
inmediatamente,immediately
solamente,only
gordo,fat
quedarse,stay
posibilidad,possibility
medicina,medicine
malditos,damned
pantalones,pants
mataron,they killed
ayude,help
podremos,we will be able to
locos,crazy people
nombres,names
parecer,seem
américa,America
definitivamente,definitely
cinta,tape
desea,wishes
brazos,arms
asuntos,matters
riesgo,risk
escuché,listen
lugares,places
cuento,tale
noticia,news
dígame,tell me
decirlo,say it
tonterías,foolishness
sentimientos,feelings
objetivo,aim
pasada,pass
arreglar,arrange
casado,married
bote,boat
roja,red
leyes,laws
millón,million
árbol,tree
hable,speak
proyecto,project
nervioso,highly strung
lana,wool
salido,left
pedazo,piece
malas,bad
joder,fuck
humana,human
absolutamente,absolutely
evitar,avoid
corriendo,in a hurry
bala,bullet
vosotros,you
despues,after
debido,due
confianza,trust
especialmente,especially
intenta,try
pequeños,small
paga,pay
ganado,cattle
ama,loves
limpio,clean
comenzar,begin
ángeles,angels
robots,robots
lleve,take
ruido,noise
preocupe,worry
belleza,beauty
salgan,come out
come,eat
verá,you will see
deberían,should
líder,leader
preguntar,ask
inocente,innocent
lástima,pity
red,grid
enfermedad,disease
desgraciado,unfortunate
harán,will do
dientes,teeth
maté,mate
central,central
ponte,put on
felices,happy
supe,I knew
haberte,have you
marcha,march
poderes,powers
hubieras,you would have
justicia,justice
bella,pretty
dé,of
proteger,protect
cabello,hair
pedido,order
oscuro,dark
embarazada,pregnant
costa,coast
dama,lady
alguno,some
orgulloso,proud
vos,you
tomado,taken
digamos,let's say
debió,should have
gana,wins
cura,healing
lengua,language
araña,spider
podré,I will be able to
voluntad,willpower
total,total
dedo,finger
pago,pay
agradezco,I am grateful
partir,to leave
lucha,struggle
leche,milk
diste,you gave
copa,cup
quedarte,stay
seguros,insurance
destruir,destroy
bienvenidos,welcome
llevan,they carry
ponga,put
lados,sides
acceso,access
intentar,attempt
trajo,brought
desastre,disaster
deber,duty
herida,wound
débil,weak
naturaleza,nature
luchar,struggle
extraña,strange
encontraste,you found
vieron,they saw
llámame,call me
imagen,image
pan,bread
refieres,you refer
clientes,customers
varios,several
show,show
auxilio,help
oyes,you hear
siguen,continue
sentado,sitting
saliendo,leaving
responsable,responsible
olvidado,forgotten
quedó,was left
permite,allows
aquella,that
puse,I put
sonido,sound
quiso,wanted
escrito,written
carro,car
preciosa,lovely
muestra,sample
bastardo,bastard
restaurante,restaurant
huevos,eggs
fantasma,ghost
mismos,themselves
profesional,professional
amas,you love
entero,whole
películas,movies
cerrado,closed
dedos,fingers
sigan,follow
dueño,owner
cuchillo,knife
turno,shift
tormenta,storm
caray,Wow
abierto,open
quede,I stayed
verdadera,true
mato,I kill
doc,doc
playa,beach
km,km
victoria,victory
primo,cousin
oíste,did you hear
lisa,smooth
interior,inside
hechos,facts
piedra,stone
jodido,fucking
militar,military
computadora,computer
encantaría,I would love to
siga,follow
silla,chair
movimiento,motion
momentos,moments
familiar,familiar
apartamento,apartment
disparar,shoot
tesoro,treasure
perfecta,perfect
refiero,I mean
motivo,reason
dará,will give
nuevas,new
mr,Mr.
querer,want
matarlo,kill him
valiente,brave
víctima,victim
tendrán,will have
estúpida,stupid
envió,shipment
encantado,delighted
diario,diary
abran,open
sentí,I felt
autobús,bus
traído,brought
casas,houses
apúrate,hurry up
encuentras,you find
descanso,rest
sheriff,sheriff
mueve,moves
inglaterra,England
quieto,still
matarte,kill you
calles,streets
tamaño,size
colegio,school
usando,wearing
cabo,cape
video,video
toques,touches
pelota,ball
yendo,going
directo,straight
termine,finish
vivos,alive
sombrero,hat
tomé,I took
estudio,study
grave,serious
protección,protection
secretos,secrets
perdiendo,losing
pecho,chest
sepas,you know
enferma,sick
cuesta,costs
negros,blacks
estrellas,stars
lago,lake
clases,classes
obviamente,obviously
inmediato,immediate
modos,modes
irás,you will go
robo,heist
mataré,I will kill
seria,I would be
apoyo,support
cerrar,close
imagino,I imagine
amenaza,threat
toque,touch
saca,takes out
viernes,Friday
hayan,have
roto,broken
piloto,pilot
marca,brand
combate,combat
hablé,I spoke
manejar,drive
sección,section
profundo,deep
tantos,so many
conocía,I knew
serie,series
contrato,contract
americano,American
paseo,walk
aviones,airplanes
balas,bullets
repente,suddenly
cambia,changes
tropas,troops
llevará,will take
uso,use
pudiste,you could
detener,arrest
sabia,knew
llegué,I arrived
negra,black
decidido,decided
comienza,starts
distancia,distance
éramos,we were
murieron,died
averiguar,figure out
actuar,act
quedo,I remain
pulso,pulse
aguanta,hold on
oficiales,officers
llamaba,called
enemigos,enemies
saldrá,will come out
preocupado,concerned
elección,choice
sobrevivir,survive
bordo,board
sujeto,subject
pacientes,patients
disculpen,excuse me
época,time
entró,entered
pesar,weigh
habló,speak
vender,sell
piensan,they think
ex,ex
gratis,free
desapareció,disappeared
empleo,employment
llamé,I called
conocen,they know
cerdo,pig
puedan,can
comprendo,understand
tomo,took
termina,ends
aléjate,stay away
busco,look for
contento,glad
date,date
tumba,grave
huellas,footprints
cuerpos,bodies
absoluto,absolute
pide,asks
dura,hard
descansar,rest
respuestas,answers
propiedad,property
llamando,calling
dormido,asleep
castillo,castle
china,China
datos,data
torre,tower
robar,steal
americanos,Americans
malos,bad
botella,bottle
aquellos,those
últimamente,lately
testigo,witness
presento,I present
periódico,newspaper
juez,judge
historias,stories
gustaba,liked
créeme,believe me
necesitar,need
esquina,corner
millas,miles
llamadas,calls
fuente,fountain
conocemos,we know
techo,ceiling
genio,genius
alerta,alert
ideas,ideas
tomas,you take
olvidar,forget
menor,minor
droga,drug
explicar,explain
abierta,open
privado,private
miembros,members
nacional,national
gustó,taste
discutir,discuss
evidencia,evidence
detalles,details
tardes,afternoon
tomaré,I will take
presente,present
criminal,criminal
premio,prize
vuelvas,you come back
siéntese,sit down
viniste,you came
recibir,receive
mires,look
teniendo,having
huele,it smells
hables,you speak
guardias,guards
enamorado,in love
cuidar,care
pocos,few
perdone,forgive me
natural,natural
caballos,horses
escucho,I'm listening
enfermera,nurse
ángel,angel
sospechoso,suspicious
local,local
mentiras,lies
camisa,shirt
confía,trust
aceptar,accept
venganza,revenge
perdimos,we lost
cuantos,how many
parque,park
juegos,games
vives,you live
varias,several
harías,you would do
menudo,slight
déjenme,leave me alone
barrio,neighborhood
virus,virus
talento,talent
ministro,minister
hiciera,did
robó,heist
conocerte,know you
viviendo,living
responsabilidad,responsibility
respira,breathe
números,numbers
pertenece,belongs
desayuno,breakfast
campeón,champion
controlar,check
maría,Maria
nieve,snow
méxico,Mexico
dias,days
vergüenza,shame
doctora,doctor
blancos,whites
fumar,smoke
llevamos,we carry
Europa,Europe
dudo,I doubt
pastel,cake
quedas,you stay
cae,falls
vimos,we saw
recibido,received
andando,walking
agentes,agents
fueras,you were
asustado,scared
perdóname,forgive me
reino,kingdom
clave,clue
papeles,papers
matando,killing
efecto,effect
plata,silver
olvidé,forget
iban,were going
universo,universe
política,policy
almuerzo,lunch
magia,magic
lluvia,rain
humor,humor
autos,cars
veía,I saw
tantas,so many
respirar,breathe
cantar,sing
trabajas,you work
disparo,shot
conversación,conversation
olor,smell
asesinos,murderers
muchacha,girl
modelo,model
curso,course
canal,channel
rock,rock
llorar,cry
borracho,drunk
regresen,return
váyanse,go away
sentía,felt
resultado,result
parado,stationary
olvides,forget
mirada,look
inútil,useless
acabas,you finish
ciencia,science
perdiste,you lost
sociedad,society
regrese,come back
camioneta,van
coño,Pussy
revista,magazine
pareció,it seemed
montaña,mountain
maravillosa,wonderful
dejarlo,leave it
máximo,maximum
echar,throw
corriente,current
escuchando,listening
disculpas,apologies
cadáver,corpse
seguimos,we continue
ron,rum
espectáculo,show
mundial,world
francia,France
decirles,tell them
aspecto,aspect
presencia,presence
famoso,famous
corto,short
relájate,relax
poderoso,powerful
recuerdos,memories
llego,arrive
carretera,road
pasé,happens
oigo,I hear
esperamos,we wait
escuchado,heard
cable,wire
rosa,pink
bola,ball
oferta,offer
intentarlo,try it
habido,there have been
continuar,continue
ladrón,thief
humanidad,humanity
estómago,stomach
entera,whole
contó,told
poniendo,putting
mercado,market
granja,farm
idiotas,idiots
hablemos,let's talk
estudiante,student
siglo,century
relaciones,relations
hablan,they speak
nosotras,us
miembro,member
fortuna,fortune
libres,free
acciones,actions
esperas,you wait
suficientemente,enough
llevaron,they took
ocurrido,occurred
andar,walk
perfectamente,perfectly
pasan,they pass
jardín,garden
cola,line
resultados,results
francés,French
troya,Troy
tercera,third
entrenamiento,training
azúcar,sugar
metido,stuck
ayudarlo,help him
diles,tell them
coger,take
lunes,Monday
ey,Hey
intención,intention
volviendo,returning
efectivo,cash
salgamos,let's go out
preguntaba,asked
olvida,forget
helicóptero,helicopter
fuertes,strong
encantador,charming
original,original
cadena,chain
tarea,task
dispara,shoot
corta,short
compañeros,companions
cirugía,surgery
quítate,take off
querían,they wanted
precioso,precious
lord,lord
comenzó,began
truco,trick
inspector,inspector
enojado,angry
felicidades,congratulations
desaparecido,missing
acto,act
pollo,chicken
chocolate,chocolate
adonde,where to
resulta,it turns out
merece,deserves
gas,gas
examen,exam
vean,see
tonta,silly
importantes,important
apuesta,bet
directamente,directly
recuperar,recover
pongo,put
llegaron,they arrived
cobarde,coward
cantidad,amount
sucio,dirty
habia,there was
emperador,emperor
mono,bun
encontraremos,we will find
disparen,shoot
gloria,glory
contrario,contrary
socorro,relief
sir,sir
escaleras,stairs
pasos,steps
nuevamente,again
derechos,rights
obtener,obtain
guste,like
búsqueda,search
helado,frozen
fútbol,soccer
sexual,sexual
polvo,dust
aseguro,I assure you
rostro,face
robado,stolen
policia,police
empresa,company
escuchas,you listen
pones,you put
lárgate,get out
interés,interest
discúlpeme,Excuse me
dejaron,they left
tengamos,let's have
firma,signature
llevaba,was wearing
llegas,you arrive
cristo,Christ
tercer,third
senador,senator
continúa,continues
gracia,funny
cien,hundred
des,of
tratado,treaty
razones,reasons
caminando,walking
urgencias,emergencies
u,or
esperan,they wait
muñeca,doll
firme,firm
duerme,sleep
ambulancia,ambulance
limpia,clean
habéis,you have
flota,fleet
leyenda,legend
encuentre,find
fué,was
romper,break
muriendo,dying
encontrarlo,find it
rescate,rescue
quedado,left
enfrente,opposite
comienzo,beginning
árboles,trees
queso,cheese
favorito,favorite
haberme,to have me
frontera,border
creemos,we believe
colega,colleague
jueves,Thursday
alemanes,Germans
sábado,Saturday
limpiar,clean
puto,fucking
poquito,a little
cientos,hundreds
muero,I die
irak,Iraq
inteligencia,intelligence
funcionar,work
felicitaciones,congratulations
escapó,escaped
criatura,creature
milagro,miracle
deprisa,quickly
especiales,specials
campamento,camp
responde,reply
escuchaste,did you hear
debiste,you should have
adios,bye
viven,live
recoger,collect
preguntarte,ask you
compras,shopping
cansada,tired
elegir,choose
cáncer,cancer
servir,serve
pata,leg
huir,flee
útil,useful
grados,degrees
atacar,attack
recién,newly
querría,I would like
guapo,handsome
alcance,scope
dejame,let me
quedamos,we stayed
llegará,will arrive
seremos,we will be
desierto,desert
licencia,license
trató,deal
proceso,process
llevado,taken
durmiendo,sleeping
tensión,strain
martes,Tuesday
kilómetros,kilometers
cartera,briefcase
tráfico,traffic
guarda,guard
impresionante,awesome
víctimas,victims
ricos,rich
primeros,first
dejamos,we left
tomen,take
iguales,equals
domingo,Sunday
crear,create
quedará,will remain
pérdida,loss
extra,extra
fuese,was
confío,I trust
sabido,known
análisis,analysis
llegaste,you arrived
fría,cold
violencia,violence
mate,mate
lobo,wolf
discurso,speech
actor,actor
orgullo,pride
odia,hates
libras,pounds
alli,over there
agencia,agency
vuelvan,come back
necesidad,need
naves,ships
descubrir,discover
tira,strip
resolver,solve
pondré,I will put
volando,flying
pensamos,we think
míos,mine
errores,errors
celular,cellular
cuantas,how many
verlos,see them
ayudarle,help you
meter,put
hablaré,I will speak
ésto,this
buscas,you are looking for
equivocada,wrong
dejan,leave
vacío,empty
trabajaba,worked
salón,lounge
motor,engine
conducir,drive
compré,I bought
quizas,maybe
den,den
cerrada,closed
cortar,cut
crea,creates
sera,will be
mueva,move
hazme,make me
bravo,Bravo
pregunté,I asked
promesa,promise
espejo,mirror
dígale,tell him
sienta,feel
médicos,doctors
cero,zero
escribió,wrote
volveremos,we will return
unidades,units
cheque,check
consigue,get
antiguo,ancient
regla,ruler
pesadilla,nightmare
enviar,send
podías,you could
llevarte,take you
entrenador,coach
cuida,take care
paciencia,patience
dilo,say it
levanta,lifts
complicado,complicated
superior,superior
sugiero,I suggest
familias,families
dirá,will say
pienses,you think
temporada,season
suelta,release
corran,run
propios,own
feo,ugly
dispuesto,willing
ayúdenme,help me
teoría,theory
salvaje,wild
negativo,negative
íbamos,we were going
hubieran,would have
tripulación,crew
taza,cup
perdida,loss
vinieron,they came
ponen,they put
pasamos,we passed
parecido,similar
acepto,I accept
gay,gay
señoras,ladies
quedaré,I will stay
parada,stop
niñas,girls
conseguí,I got
acabamos,we finished
normalmente,normally
muchísimo,lot
bruja,witch
vegas,Vegas
tuvieron,had
traigo,I bring
matará,will kill
funeral,funeral
conseguiste,you got
teatro,theater
medianoche,midnight
biblioteca,library
estemos,let's be
túnel,tunnel
encargo,charge
aparece,appears
testigos,witnesses
pensó,thought
fueran,were
fantasmas,ghosts
correo,mail
vuestro,your
piscina,pool
paquete,package
copia,copy
suicidio,suicide
crédito,credit
consigo,with him
vuestra,your
rara,strange
legal,legal
hablaremos,we will talk
cambió,change
solas,alone
salimos,we left
ganador,winner
estudiantes,students
despierto,awake
pare,stop
invitado,guest
guía,guide
oso,bear
leí,read
explosión,burst
dejarme,leave me
chino,Chinese
sorprende,surprises
sistemas,systems
nación,nation
entienden,understand
arena,sand
mentiroso,liar
hablaba,spoke
veas,you see
pura,pure
asesinado,murdered
mintiendo,lying
casos,cases
vehículo,vehicle
rata,rat
importancia,importance
distinto,distinct
pintura,paint
intenté,I tried
conciencia,awareness
miras,you look
máquinas,machines
traeré,I will bring
revisar,review
veinte,twenty
seres,beings
hablarle,talk to him
disco,disk
transporte,transport
mina,mine
labios,lips
señoría,lordship
llamamos,we call
doce,twelve
cuídate,take care of yourself
pasillo,aisle
tele,TV
podria,could
completa,complete
rápida,fast
precisamente,precisely
llamaste,you called
cumplir,achieve
servicios,services
señales,signs
acaban,end
suéltame,let me go
hablarte,talk to you
traté,I tried
pescado,fish
huesos,bones
daría,would give
compra,buys
trajiste,you brought
templo,temple
placa,plate
posibilidades,odds
ira,gonna
vengas,you come
siguiendo,following
podrán,will be able to
llamarme,call me
cierta,certain
permitir,allow
condiciones,conditions
atrapar,catch
temperatura,temperature
explicación,explanation
enviado,sent
contado,counted
asistente,assistant
imperio,empire
pidiendo,asking
notas,grades
curioso,curious
operaciones,operations
mantén,keep
tierras,land
creas,you create
pez,fish
morirá,will die
visión,vision
montañas,mountains
comido,eaten
construir,build
comunidad,community
verán,you will see
pierde,loses
piense,think
felicidad,happiness
diversión,fun
salvó,except
quita,removes
museo,museum
disparó,shot
desearía,I would like
misterio,mystery
buscamos,we search
aviso,warning
almirante,admiral
solución,solution
pequeñas,small
faltan,missing
existen,exist
combustible,fuel
leído,read
tirar,throw
responder,reply
esfuerzo,effort
vuelves,you come back
pájaro,bird
hermanas,sisters
guerrero,warrior
esposas,handcuffs
coma,coma
abra,open
traes,you bring
sientas,you feel
olvide,forget
bolsillo,pocket
heridas,wounds
saco,sack
gasolina,gasoline
conexión,connection
correcta,correct
pedazos,pieces
líneas,lines
estarías,you would be
convierte,converts
ayudará,will help
rumbo,course
rompió,broke
muera,die
mia,mine
material,material
diamantes,diamonds
rápidamente,quickly
mírate,look at yourself
fecha,date
escritorio,desk
digan,say
registro,record
maten,kill
incendio,fire
deme,give me
sois,you are
pensamientos,thoughts
dímelo,tell me
comiendo,eating
aparte,apart
asesinatos,murders
lección,lesson
algun,some
abrigo,coat
tratamiento,treatment
julio,July
pene,penis
conejo,rabbit
suceder,happen
ruta,route
ciego,blind
asqueroso,disgusting
súper,super
prisionero,prisoner
odie,hate
ocupada,busy
llevarlo,take it
empezamos,we started
estuvimos,we were
decírselo,tell him
honesto,honest
entrevista,interview
antigua,ancient
amante,lover
humo,smoke
gustas,you like
condado,county
conseguido,achieved
viajar,travel
sombra,shade
sabrá,will know
refiere,refers
lío,mess
estáis,you are
entrega,delivery
drácula,Dracula
compartir,share
volvamos,let's go back
sonrisa,smile
sencillo,simple
atrapado,trapped
aburrido,bored
pocas,few
pensaste,you thought
dragón,dragon
volví,I returned
planta,plant
clima,climate
adoro,I adore
suave,gentle
ruso,Russian
rodillas,knees
marina,marine
bolso,bag
alarma,alarm
vivía,lived
quédese,stay
recompensa,reward
juega,play
cigarrillo,cigarette
autoridad,authority
amigas,friends
agujero,hole
acabe,finish
sacaste,you took out
orgullosa,proud
entendí,understood
dijera,I said
sótano,basement
paredes,walls
guapa,pretty
iría,would go
imaginar,imagine
fiebre,fever
déjala,leave her
botón,button
preguntarle,ask him
leyendo,reading
darles,give them
uniforme,uniform
dulces,sweets
vaso,glass
documentos,documents
ruego,request
maneras,ways
invitados,guests
cómodo,comfortable
ayudarnos,help us
visitar,visit
vigilancia,surveillance
nadar,swim
altura,height
todavia,still
preparados,prepared
cuáles,which
mover,move
jugador,player
izquierdo,left
tecnología,technology
raza,race
conocerlo,meet him
conde,count
social,social
gobernador,governor
coge,take
cubierta,deck
chiste,joke
celda,cell
agarra,grab
secreta,secret
personalmente,personally
amistad,friendship
amaba,loved
nació,was born
interesado,interested
intentado,tried
educación,education
curiosidad,curiosity
buscan,they look for
repito,I repeat
pecado,sin
mortal,mortal
manda,send
claramente,clearly
vía,via
juntas,together
identificación,ID
dirige,directs
declaración,statement
alemán,German
tontos,fools
mantiene,maintains
bestia,beast
veneno,poison
vecinos,neighbors
supiera,knew
quieran,want
salgo,I'm on my way out
propias,own
privada,private
jurado,jury
golpes,blows
usan,they use
metas,goals
garganta,throat
invierno,winter
fila,row
miel,Honey
traigan,bring
sucedido,happened
tranquilos,calm down
madera,wood
burro,donkey
artista,artist
pobres,poor
impresión,impression
ganó,won
cruzar,cross
cigarrillos,cigarettes
ó,either
llevarme,take me
grial,grail
chaqueta,jacket
alcalde,mayor
vueltas,turns
usado,used
reputación,reputation
pongas,you put
oxígeno,oxygen
cajas,boxes
preocupada,worried
matan,they kill
empezando,starting
cabezas,heads
ponerme,put on
experto,expert
océano,ocean
maestra,teacher
pieza,part
cargos,charges
bombas,bombs
alcohol,alcohol
trataba,was trying
salen,they leave
pizza,pizza
recibí,I received
junta,board
criaturas,creatures
apareció,appeared
actitud,attitude
gira,tour
cristal,glass
encuentran,find
dejarte,leave you
caído,fallen
ultima,last
sensación,sensation
seguido,continued
puro,pure
whisky,whiskey
vernos,see us
pantalla,screen
bebida,drink
estudiar,study
ducha,shower
despedido,dismissed
consiguió,got
venía,permission
pagan,they pay
discúlpame,excuse me
artículo,article
aparentemente,apparently
ambas,both
trauma,trauma
pusieron,they put
fiestas,parties
contesta,answer
contenta,happy
ambiente,atmosphere
prometí,I promised
llegando,arriving
mostraré,I will show
deba,should
berlín,Berlin
nerviosa,nervous
hallar,find
dudas,doubts
llegan,they arrive
instrucciones,instructions
baje,get off
vinimos,we came
ritmo,rhythm
quédense,stay
suponía,supposed
pistas,clues
palacio,palace
encontraré,I will find
venta,sale
urgente,urgent
tomamos,we take
salí,I left
cuerda,rope
vendría,would come
pasaba,was passing by
instante,instant
almas,souls
suficientes,enough
secundaria,secondary
saltar,hop
queria,wanted to
quedarnos,stay
molesto,annoying
colina,hill
porquería,filth
sienten,feel
pondrá,will put
terroristas,terrorists
empecé,I started
pongan,put
moto,motorbike
opinas,you think
habilidad,ability
entren,enter
descubierto,uncovered
convertido,converted
asegúrate,make sure
quedé,I was left
kilos,kilos
florida,Florida
tomará,will take
sufrir,suffer
mental,mental
lograr,achieve
instituto,institute
serlo,to be so
rapido,fast
plato,dish
llorando,crying
vd,you
váyase,Go away
sucediendo,happening
robaron,they stole
alemania,Germany
bolas,balls
pasaría,would happen
ocurra,occurs
ilegal,illegal
fresco,cool
falso,fake
abogados,lawyers
tómalo,take it
mandó,command
cuán,how
cuales,which
botas,boots
tiburones,sharks
grado,degree
deseas,you wish
archivos,files
adivina,guess
cruz,cross
campaña,Campaign
asustada,scared
centavos,cents
vivimos,we live
galletas,cookies
frecuencia,frequency
daños,damage
minas,mines
emociones,emotions
dejará,will leave
regresó,return
ratas,rats
pasión,passion
hacerse,become
comportamiento,behavior
pense,I thought
conocimiento,knowledge
sales,salts
fiscal,fiscal
decisiones,decisions
criminales,criminals
cámaras,cameras
amanecer,sunrise
convirtió,converted
aldea,village
abandonar,abandon
obvio,obvious
habíamos,we had
apesta,it stinks
abandonado,abandoned
volverás,you will return
preocuparse,worry
favorita,favorite
lanzamiento,launch
difíciles,difficult
vivido,vivid
roca,rock
peces,fish
maravilla,wonder
espacial,space
conductor,driver
camarada,comrade
trabajado,worked
caramba,Gee
sopa,soup
numero,number
gritar,shout
envía,sends
casino,casino
alteza,Highness
identidad,identity
cambios,changes
guardar,keep
gatos,cats
gané,I won
arresto,arrest
éstas,are
preguntó,asked
éstos,these
probable,likely
seamos,let us be
importaría,would matter
firmar,sign
federal,federal
caras,faces
trabajos,jobs
hagámoslo,let's do it
expediente,record
tigre,tiger
intentó,tried
harto,fed up
decidir,decide
periódicos,newspapers
casarse,marry
lento,slow
hecha,made
daba,gave
ponerte,put on
pelotas,balls
monstruos,monsters
cruel,cruel
señoritas,ladies
gigante,giant
siglos,ages
escalera,ladder
incidente,incident
escenario,scenery
dirás,you will say
ciertas,certain
casar,marry
llamen,call
biblia,Bible
reporte,report
moda,fashion
casada,married
reacción,reaction
falla,failure
castigo,punishment
fácilmente,easily
caza,hunt
magnífico,magnificent
decidí,I decided
camina,walk
superficie,surface
procedimiento,procedure
condición,condition
asalto,assault
virgen,virgin
verle,see him
conocimos,we met
quitar,remove
tratas,you try
noble,noble
hierba,grass
excelencia,excellence
asco,disgust
título,qualification
regresaré,I will return